{"type": "metrics", "dataset": "train", "precision": 0.7416481069042317, "balanced_accuracy": 0.6582949993897103, "recall": 0.3522318595303575, "f1_score": 0.4776247848537005}
{"type": "metrics", "dataset": "test", "precision": 0.690200210748156, "balanced_accuracy": 0.6508252849157908, "recall": 0.3431115767417496, "f1_score": 0.45836249125262424}
{"type": "cm_matrix", "dataset": "train", "true_0": {"predicted_0": 15693, "predicted_1": 580}, "true_1": {"predicted_0": 3062, "predicted_1": 1665}}
{"type": "cm_matrix", "dataset": "test", "true_0": {"predicted_0": 6797, "predicted_1": 294}, "true_1": {"predicted_0": 1254, "predicted_1": 655}}
